,episode length,episode score,Action 1,Action 2,Action 3,Action 4,Action 5,Action 6,Action 7
0,0,0.0,1,1,1,1,1,1,1
1,1119,252.0,38,32,46,37,42,31,42
2,1346,168.0,63,53,34,43,43,34,50
3,1336,378.0,65,44,47,41,43,36,40
4,802,189.0,26,24,35,34,27,23,20
5,1442,357.0,54,48,54,54,44,52,43
6,1264,252.0,31,41,44,46,48,55,37
7,1058,315.0,31,37,46,54,31,29,23
8,1152,189.0,40,36,46,42,35,34,42
9,1304,189.0,46,42,43,61,47,38,38
10,1026,210.0,35,41,35,40,30,33,30
11,936,378.0,26,30,30,39,32,30,29
12,1192,252.0,33,42,51,48,34,41,31
13,1027,252.0,37,39,36,40,30,32,29
14,1048,252.0,35,32,41,42,28,35,33
15,648,168.0,20,25,20,28,18,18,22
16,1519,294.0,44,44,57,74,61,37,46
17,514,105.0,19,17,9,15,15,21,14
18,1079,294.0,32,43,40,54,30,41,18
19,1217,378.0,32,38,45,60,38,35,41
20,1351,189.0,36,46,50,71,46,36,38
21,610,126.0,19,20,19,32,12,20,19
22,1536,252.0,53,54,57,70,46,44,42
23,1410,357.0,35,43,65,68,50,34,46
24,1680,231.0,47,59,68,82,47,54,51
25,1503,399.0,53,54,54,78,37,40,42
26,1604,462.0,50,38,63,80,59,60,40
27,1184,252.0,32,32,47,81,25,34,34
28,1112,189.0,31,36,45,49,30,35,38
29,744,189.0,24,24,34,28,16,21,21
30,1096,189.0,25,26,45,56,28,37,39
31,1346,378.0,38,35,56,67,44,47,33
32,1540,546.0,43,35,78,92,36,51,37
33,1072,231.0,29,31,40,57,37,25,32
34,512,168.0,13,10,19,23,14,15,17
35,1456,336.0,40,45,55,89,39,41,41
36,856,273.0,17,25,37,57,20,24,22
37,592,105.0,17,19,25,25,11,18,17
38,1378,294.0,39,37,57,81,38,46,30
39,735,168.0,22,16,27,44,24,15,24
40,578,126.0,14,19,22,27,14,18,19
41,546,168.0,15,10,31,24,18,13,12
42,1572,441.0,31,37,79,112,34,41,43
43,1079,231.0,23,24,47,68,35,16,39
44,1080,336.0,32,26,48,57,27,32,30
45,1639,378.0,38,53,61,108,42,39,54
46,1104,294.0,34,29,50,71,25,17,34
47,578,168.0,15,12,36,20,13,14,19
48,738,252.0,16,16,40,43,20,11,28
49,919,189.0,16,16,46,56,28,28,23
50,1058,315.0,33,26,50,59,27,30,29
51,880,210.0,26,26,42,43,20,23,23
52,449,210.0,7,9,25,24,8,13,11
53,1636,504.0,31,39,71,114,45,42,54
54,1346,378.0,36,36,43,102,40,39,27
55,1089,336.0,31,24,47,73,19,42,25
56,1026,399.0,23,35,45,81,14,21,24
57,1048,294.0,22,22,52,75,32,27,17
58,802,210.0,20,16,42,46,17,25,21
59,1667,588.0,44,41,77,121,44,33,39
60,962,336.0,26,18,43,66,26,24,24
61,840,231.0,22,15,36,61,21,19,22
62,1569,357.0,31,42,63,122,40,35,43
63,1506,399.0,44,33,67,114,35,36,31
64,1860,504.0,35,47,83,160,38,44,43
65,1058,378.0,18,26,48,82,22,25,30
66,1424,462.0,31,33,63,110,38,30,37
67,1412,483.0,32,27,81,101,31,30,33
68,1377,399.0,32,31,72,103,36,34,25
69,1732,462.0,33,40,86,160,29,36,35
70,1424,462.0,32,21,71,125,34,32,23
71,1272,399.0,23,20,66,115,31,24,24
72,927,315.0,14,18,49,67,19,27,20
73,866,189.0,19,16,42,69,18,21,14
74,1440,315.0,24,34,66,127,36,22,34
75,1218,378.0,26,31,58,109,25,17,28
76,1282,399.0,32,31,60,104,29,26,22
77,2374,682.0,48,51,112,228,40,51,49
78,1412,420.0,24,26,65,134,27,30,35
79,1122,315.0,26,25,58,86,17,24,27
80,1476,441.0,29,24,81,138,23,31,26
81,1219,546.0,24,17,70,113,19,20,25
82,944,189.0,12,18,41,86,22,23,18
83,770,252.0,15,16,35,70,6,15,23
84,1539,462.0,34,24,71,158,34,26,25
85,1057,315.0,20,22,52,97,22,21,15
86,2050,399.0,47,36,82,221,38,39,39
87,1090,399.0,22,21,56,100,27,15,14
88,1764,441.0,28,36,86,190,37,33,13
89,1860,483.0,38,37,92,194,23,30,35
90,674,126.0,16,6,36,63,7,14,16
91,1862,651.0,19,22,118,204,37,24,26
92,1537,399.0,23,26,80,172,24,18,27
93,610,210.0,8,10,34,59,9,8,7
94,1220,420.0,22,25,70,113,22,23,19
95,1636,420.0,29,27,73,170,28,28,41
96,834,189.0,14,8,48,84,10,15,13
97,1860,462.0,34,28,91,200,36,30,32
98,1956,640.0,24,27,104,222,26,39,30
99,1667,609.0,30,22,92,193,22,24,23
100,2031,651.0,28,27,118,222,40,30,30
101,2154,651.0,24,27,109,272,35,22,32
102,1220,588.0,19,14,71,133,23,13,16
103,1186,357.0,12,15,60,151,13,20,14
104,1156,420.0,18,18,63,126,12,17,21
105,1741,672.0,22,19,100,200,26,20,33
106,1456,630.0,19,19,84,166,18,24,16
107,1732,713.0,29,23,89,211,24,25,18
108,1965,630.0,29,26,112,237,18,25,28
109,1902,651.0,21,27,107,234,32,20,23
110,1680,525.0,17,22,94,210,20,23,21
111,2085,713.0,20,25,115,275,25,21,24
112,1881,651.0,32,19,117,232,16,19,17
113,2086,651.0,36,25,109,260,36,20,17
114,1431,672.0,14,14,85,180,17,20,16
115,2084,640.0,17,23,111,292,19,23,21
116,1784,651.0,22,28,110,213,20,16,20
117,2232,703.0,19,25,131,292,24,26,24
118,1058,357.0,6,11,59,141,13,10,8
119,1250,399.0,8,16,79,164,10,14,5
120,1411,525.0,11,11,79,193,7,16,24
121,1316,462.0,14,13,75,178,9,9,15
122,1572,651.0,13,16,86,215,14,17,17
123,1772,703.0,11,20,116,229,21,15,15
124,1730,714.0,20,11,95,240,22,15,16
125,1626,672.0,14,12,104,216,14,18,12
126,2264,609.0,23,20,146,317,17,15,15
127,1796,661.0,13,11,105,254,14,24,14
128,1411,525.0,9,6,79,216,10,14,8
129,1470,630.0,11,10,97,214,9,11,4
130,1554,630.0,11,7,105,221,10,12,7
131,1560,609.0,11,9,95,224,10,8,15
132,1875,672.0,12,15,135,256,12,5,17
133,1827,546.0,7,10,112,284,8,10,13
134,1734,651.0,3,9,119,261,9,5,14
135,1497,651.0,8,5,108,219,11,4,4
136,1859,745.0,9,10,136,279,7,6,6
137,1580,735.0,8,9,112,232,7,7,6
138,1649,630.0,5,5,116,246,10,6,7
139,1462,672.0,5,7,104,222,6,1,6
140,1860,651.0,12,1,147,271,8,6,5
141,2330,661.0,8,4,157,385,4,8,3
142,1155,462.0,4,8,86,162,6,4,3
143,1587,693.0,11,6,110,239,4,4,5
144,1674,693.0,2,4,114,273,5,4,6
145,1895,756.0,3,5,120,319,4,7,3
146,1552,630.0,0,1,118,241,4,3,4
147,2162,693.0,0,4,155,355,4,7,3
148,2019,630.0,2,1,141,339,4,1,4
149,1881,672.0,1,0,140,311,1,1,4
150,1758,672.0,1,0,122,299,0,1,1
151,1427,672.0,1,4,100,232,1,1,2
152,1690,672.0,0,0,122,286,2,1,1
153,1283,546.0,0,0,93,215,1,1,0
154,1772,672.0,0,0,133,291,0,0,2
155,1900,714.0,1,2,141,316,1,0,2
156,1608,672.0,1,0,114,269,1,0,0
157,1028,525.0,0,0,77,165,0,0,1
158,1261,630.0,1,0,87,207,0,1,2
159,1592,693.0,0,0,134,251,1,0,0
160,1655,693.0,0,1,118,275,2,1,1
161,1764,651.0,0,0,129,295,2,2,0
162,1826,714.0,0,1,140,302,0,0,0
163,1667,525.0,0,1,123,276,1,0,1
164,1741,672.0,0,0,123,297,1,1,0
165,1847,672.0,3,0,132,308,0,0,1
166,1156,525.0,1,1,86,183,0,0,0
167,1825,672.0,0,0,124,316,1,0,0
168,1870,672.0,0,0,138,314,0,1,2
169,1124,630.0,0,1,96,171,0,0,2
170,1519,630.0,1,1,109,251,0,0,0
171,1348,609.0,0,1,106,217,0,0,0
172,1719,672.0,1,0,142,270,1,0,0
173,1170,651.0,1,1,83,191,0,0,0
174,1553,693.0,1,0,110,261,0,0,0
175,1264,672.0,2,0,95,200,1,0,1
176,1612,651.0,0,2,115,269,1,0,0
177,1460,651.0,0,1,108,243,0,0,0
178,1940,672.0,0,1,133,334,0,0,1
179,1478,777.0,0,1,115,241,0,0,0
180,1530,651.0,2,2,108,255,1,0,1
181,1284,567.0,1,1,98,205,0,1,1
182,1580,630.0,1,0,120,261,1,1,0
183,1715,672.0,1,0,131,279,0,1,0
184,1573,798.0,1,2,111,263,0,2,1
185,1316,462.0,1,3,99,211,0,0,0
186,1935,714.0,0,0,145,321,0,1,0
187,1580,714.0,1,1,119,258,0,0,0
188,1459,714.0,2,0,101,244,1,0,2
189,1579,693.0,0,0,107,275,0,0,0
190,1520,651.0,0,1,115,250,0,0,1
191,1403,651.0,0,0,103,231,0,1,0
192,1476,651.0,1,0,112,242,1,0,0
193,1379,546.0,1,0,96,231,0,1,0
194,1554,693.0,0,0,114,262,0,0,1
195,1251,609.0,0,1,105,189,2,0,0
196,1291,630.0,0,1,100,207,1,0,0
197,1589,693.0,0,0,136,246,0,0,0
198,1902,756.0,0,0,144,320,0,0,0
199,1406,693.0,0,0,103,233,0,1,0
200,1398,672.0,0,0,117,219,1,0,1
201,1451,672.0,2,1,114,230,0,1,0
202,1422,672.0,0,3,102,232,0,1,1
203,1633,672.0,0,1,123,266,0,2,2
204,1751,693.0,0,0,132,289,1,0,0
205,1612,672.0,2,1,124,261,0,2,0
206,1220,609.0,1,0,100,189,1,1,0
207,1499,714.0,1,1,111,243,0,1,1
208,1468,630.0,0,0,117,238,0,0,0
209,1562,672.0,0,2,113,261,0,1,1
210,1586,672.0,1,2,119,259,0,0,0
211,1572,672.0,0,2,119,251,2,1,0
212,1596,735.0,2,2,113,268,0,0,0
213,1456,651.0,1,1,97,247,2,0,0
214,1576,672.0,0,0,107,268,1,0,0
215,1508,735.0,0,1,115,247,0,1,2
216,1503,693.0,0,1,113,244,0,0,2
217,1540,651.0,0,1,109,256,0,1,1
218,1483,714.0,1,1,120,236,0,0,1
219,834,336.0,0,0,72,122,0,0,0
220,1418,672.0,0,0,114,229,0,0,0
221,1495,630.0,0,0,106,255,0,1,1
222,1628,651.0,1,1,119,266,2,0,1
223,1490,693.0,0,0,112,246,1,0,0
224,1510,735.0,0,0,116,247,1,0,0
225,2227,693.0,1,0,177,358,0,1,2
226,804,483.0,0,1,59,126,0,0,1
227,1929,777.0,0,2,143,322,0,0,0
228,1429,672.0,2,0,100,236,0,1,3
229,1706,714.0,0,0,133,282,1,0,0
230,1219,567.0,0,0,95,194,0,0,0
231,1521,798.0,1,0,113,252,0,1,0
232,1459,714.0,1,0,106,240,1,1,2
233,1412,525.0,0,0,107,232,1,0,0
234,932,420.0,0,0,112,94,0,0,16
235,609,357.0,0,2,114,18,1,0,0
236,1538,147.0,1,5,60,253,48,3,0
237,962,189.0,0,116,68,15,0,26,0
238,4676,483.0,251,150,102,483,58,44,68
239,1866,672.0,74,103,147,87,13,26,4
240,880,189.0,63,9,68,16,3,20,26
241,528,189.0,1,2,59,2,0,1,50
242,944,420.0,6,0,127,2,63,22,3
243,416,210.0,0,0,88,0,0,0,0
244,616,420.0,1,1,135,0,0,1,1
245,727,399.0,8,0,133,0,5,9,12
246,482,210.0,2,0,102,0,0,1,0
247,496,273.0,0,0,108,0,0,4,0
248,672,294.0,1,1,147,0,1,5,0
249,744,525.0,1,2,167,5,0,0,0
250,399,273.0,1,1,72,1,5,4,0
251,568,378.0,1,0,114,0,0,8,1
252,607,378.0,3,6,117,3,0,5,1
253,551,252.0,26,1,82,2,0,6,7
254,640,294.0,0,0,107,7,0,30,0
255,727,546.0,0,2,142,2,0,9,12
256,400,210.0,3,13,62,0,1,5,0
257,354,168.0,8,0,47,2,0,1,15
258,687,441.0,0,0,139,0,1,0,15
259,704,399.0,4,0,153,6,0,0,0
260,800,399.0,3,3,150,15,10,3,0
261,520,231.0,0,0,113,3,0,1,0
262,482,315.0,2,0,100,0,0,1,1
263,536,210.0,0,0,106,5,0,0,5
264,482,189.0,0,0,76,3,0,5,24
265,935,441.0,8,0,166,12,0,6,24
266,607,336.0,1,6,105,12,0,1,16
267,888,441.0,5,25,128,31,2,1,19
268,656,231.0,4,1,105,16,0,21,0
269,577,231.0,0,1,93,16,1,5,16
270,543,399.0,6,6,98,8,2,2,1
271,584,189.0,0,0,94,7,0,34,0
272,712,441.0,13,1,129,12,0,12,0
273,415,252.0,5,3,73,0,0,5,4
274,528,315.0,1,1,107,3,0,0,8
275,708,462.0,3,6,144,5,0,0,4
276,680,273.0,2,15,110,6,0,19,0
277,448,189.0,4,1,84,3,0,3,0
278,687,378.0,15,14,102,7,5,5,8
279,836,546.0,5,0,146,6,0,6,28
280,752,378.0,0,5,134,12,0,14,7
281,655,315.0,0,0,102,8,0,29,13
282,712,378.0,5,20,117,7,0,0,13
283,578,357.0,17,2,102,6,0,1,1
284,656,399.0,35,3,99,9,0,0,1
285,599,210.0,4,9,85,11,0,10,16
286,688,420.0,16,9,109,14,0,1,11
287,728,357.0,27,6,107,17,0,7,0
288,728,441.0,2,13,100,33,0,20,0
289,751,294.0,13,13,111,14,12,0,10
290,664,336.0,26,9,82,20,0,1,10
291,600,378.0,1,11,98,9,0,12,6
292,744,294.0,19,19,103,9,1,12,8
293,720,462.0,12,2,124,8,1,12,4
294,512,189.0,10,0,75,15,0,15,0
295,688,294.0,13,3,76,10,0,8,50
296,450,231.0,18,2,68,8,0,0,3
297,610,252.0,11,1,91,7,1,3,22
298,551,231.0,9,0,73,5,2,5,26
299,752,399.0,31,0,122,12,0,0,11
300,551,294.0,21,5,71,9,0,8,9
301,720,420.0,9,1,87,22,0,8,41
302,688,378.0,11,14,112,19,0,4,0
303,632,357.0,0,5,99,8,0,9,22
304,560,336.0,3,8,82,24,0,7,2
305,655,399.0,0,2,104,3,0,37,5
306,776,525.0,1,4,119,17,0,21,14
307,648,399.0,3,0,102,11,3,32,0
308,496,399.0,1,1,61,14,1,23,11
309,480,189.0,0,4,64,6,1,26,2
310,760,378.0,2,18,123,7,0,19,3
311,879,546.0,0,32,140,10,4,7,15
312,632,336.0,0,7,80,2,1,51,3
313,880,462.0,0,55,117,16,0,4,16
314,600,294.0,6,9,83,6,0,19,13
315,688,420.0,4,10,104,7,3,3,27
316,632,378.0,15,1,82,9,0,26,11
317,711,420.0,1,37,83,20,14,9,3
318,775,525.0,9,11,113,22,14,3,7
319,736,273.0,7,31,87,12,4,3,28
320,545,273.0,4,20,61,10,7,7,11
321,641,357.0,3,5,89,17,6,1,27
322,720,399.0,3,17,98,14,8,5,18
323,543,315.0,0,1,58,18,3,4,35
324,720,336.0,10,16,70,13,8,35,15
325,675,441.0,3,6,90,19,6,4,29
326,760,420.0,4,10,66,24,3,9,59
327,711,462.0,0,3,74,5,0,40,41
328,728,420.0,0,3,66,15,5,4,71
329,767,399.0,12,0,83,20,9,4,52
330,639,378.0,5,3,70,25,5,9,26
331,768,462.0,0,37,82,20,15,24,1
332,1047,609.0,3,11,103,99,1,4,27
333,856,462.0,0,16,96,58,7,14,5
334,912,567.0,0,0,90,71,5,28,21
335,1016,567.0,4,22,116,66,10,4,17
336,600,315.0,0,2,42,25,8,3,54
337,836,504.0,3,22,111,28,8,2,21
338,545,357.0,4,12,79,10,8,5,6
339,656,315.0,3,1,59,16,4,30,39
340,840,588.0,3,5,96,38,11,15,28
341,743,399.0,2,4,55,22,1,24,63
342,640,189.0,8,13,66,22,2,15,17
343,1151,609.0,1,45,94,56,1,29,46
344,1112,546.0,23,20,89,91,7,7,23
345,704,462.0,0,0,39,29,2,89,0
346,951,588.0,0,25,71,33,1,49,43
347,1143,651.0,1,19,95,62,10,13,72
348,1008,650.0,22,4,104,53,19,11,26
349,688,462.0,0,2,55,30,6,15,51
350,728,399.0,0,28,74,28,14,6,18
351,1151,609.0,49,2,93,45,20,36,30
352,767,378.0,0,0,61,35,10,20,54
353,1028,525.0,10,0,83,72,38,36,6
354,1120,609.0,2,49,77,45,38,19,33
355,784,378.0,12,5,51,19,19,24,49
356,1060,525.0,7,2,97,66,36,11,30
357,1191,703.0,7,5,80,95,44,36,13
358,1119,630.0,2,42,77,44,8,32,58
359,1269,714.0,22,80,87,98,0,6,8
360,696,420.0,34,2,42,26,9,2,44
361,1034,651.0,8,1,116,45,38,16,19
362,803,420.0,38,4,94,21,12,0,14
363,1145,651.0,2,71,98,39,23,26,9
364,642,294.0,5,9,74,35,14,2,5
365,1191,630.0,25,47,39,86,18,58,9
366,1381,879.0,36,42,57,140,0,6,49
367,1267,755.0,62,8,62,118,5,14,34
368,1024,609.0,11,33,86,71,19,2,20
369,737,294.0,1,11,62,46,21,4,21
370,640,462.0,0,0,53,20,17,5,53
371,767,525.0,1,5,84,30,10,3,46
372,631,231.0,1,3,48,18,14,2,57
373,1514,682.0,27,16,102,78,58,30,53
374,1175,714.0,40,3,75,98,16,6,45
375,1288,787.0,23,34,82,134,7,15,15
376,1284,796.0,20,16,72,131,12,8,46
377,929,399.0,6,3,45,79,25,7,50
378,322,126.0,1,0,11,21,9,17,3
379,1027,776.0,84,1,80,47,19,9,4
380,1274,755.0,59,4,76,127,14,10,12
381,1188,702.0,5,6,89,99,61,0,25
382,1159,672.0,18,14,100,82,54,7,1
383,1207,745.0,36,2,87,89,46,17,10
384,536,189.0,5,0,20,15,12,52,15
385,1124,672.0,68,8,49,72,21,30,18
386,1159,703.0,62,38,56,83,1,30,7
387,1288,682.0,101,45,52,82,12,13,5
388,1378,714.0,126,27,49,75,3,49,0
389,1636,682.0,18,0,105,115,50,33,75
390,1387,828.0,7,74,104,61,10,9,71
391,1075,672.0,18,93,87,39,13,5,1
392,1123,672.0,101,48,60,15,1,45,0
393,1155,651.0,49,17,86,96,2,22,3
394,1100,808.0,26,24,61,112,11,27,3
395,937,672.0,5,59,54,72,10,21,1
396,1190,682.0,72,33,63,68,5,23,22
397,903,567.0,2,60,53,54,7,18,14
398,1188,525.0,0,43,63,75,52,29,17
399,1256,703.0,84,25,71,75,15,22,9
400,900,567.0,7,13,72,64,18,12,22
401,1291,724.0,79,5,87,75,18,8,38
402,1362,713.0,49,25,87,97,31,20,16
403,2018,1194.0,58,128,134,140,2,15,12
404,1043,735.0,48,14,71,97,3,10,4
405,2593,1742.0,89,72,173,266,1,23,8
406,1060,651.0,1,52,87,83,8,15,7
407,1008,671.0,53,59,64,24,8,10,18
408,963,483.0,4,56,48,66,12,5,32
409,1163,672.0,34,14,88,139,3,0,0
410,968,682.0,28,35,71,83,6,1,2
411,1558,797.0,37,82,126,108,5,9,6
412,1444,682.0,83,33,90,95,7,36,2
413,1616,609.0,36,69,80,106,24,32,41
414,1430,859.0,153,7,75,58,7,17,23
415,1071,588.0,6,36,77,77,17,8,34
416,1336,849.0,56,61,97,69,24,5,9
417,1255,796.0,37,43,87,97,14,8,11
418,1104,672.0,35,55,58,82,22,1,11
419,1386,859.0,69,1,92,148,0,10,14
420,1419,839.0,11,62,86,147,4,26,6
421,1220,724.0,14,1,82,173,6,4,10
422,1319,682.0,39,45,92,80,24,1,33
423,1286,703.0,39,49,84,82,9,17,26
424,1063,661.0,5,11,88,103,15,7,25
425,1387,808.0,17,24,100,175,3,9,1
426,1133,786.0,88,56,78,43,1,1,3
427,1099,713.0,87,17,78,65,8,1,6
428,1317,785.0,25,11,74,151,15,8,32
429,1134,766.0,114,5,71,54,12,8,6
430,1383,766.0,71,43,93,94,10,17,5
431,965,682.0,85,35,60,33,4,0,13
432,1063,640.0,59,79,51,34,11,13,6
433,1356,755.0,17,172,63,30,19,14,6
434,1382,860.0,47,123,78,66,4,13,4
435,1131,787.0,74,9,70,79,25,4,5
436,1257,630.0,131,13,46,31,8,55,15
437,3972,2529.0,269,180,213,193,35,24,68
438,2881,1719.0,129,134,192,200,32,5,15
439,2018,1321.0,133,99,123,107,6,2,22
440,1317,753.0,118,67,70,43,4,1,9
441,2914,1951.0,245,106,153,144,15,24,25
442,2946,1678.0,90,298,140,82,29,22,58
443,1284,703.0,60,48,65,74,21,27,13
444,1476,588.0,30,72,42,75,48,72,17
445,1796,609.0,13,25,94,121,125,1,58
446,1384,755.0,18,54,77,77,66,2,35
447,1059,588.0,32,17,54,72,49,9,15
448,1486,724.0,52,7,95,98,75,6,25
449,2180,702.0,30,10,89,162,144,15,79
450,1256,525.0,3,15,56,100,62,12,50
451,735,147.0,0,3,7,43,38,3,73
452,1704,650.0,12,46,61,127,97,6,65
453,1252,588.0,2,43,60,93,51,9,44
454,1475,525.0,1,15,59,121,86,15,60
455,1318,692.0,61,4,70,68,20,37,53
456,1254,755.0,0,72,78,64,31,38,19
457,1216,713.0,68,8,75,64,11,25,36
458,536,42.0,0,1,3,23,20,56,13
459,1592,734.0,51,61,73,79,41,35,42
460,1287,724.0,12,96,75,101,2,1,21
461,1357,816.0,40,118,85,28,5,13,36
462,1284,775.0,60,28,71,65,30,3,47
463,1317,661.0,13,32,67,93,58,2,52
464,1316,609.0,46,10,69,100,39,20,28
465,1969,857.0,39,6,44,153,94,15,126
466,1477,797.0,19,141,95,35,20,22,19
467,1508,868.0,31,86,119,89,6,3,28
468,2114,1320.0,142,60,144,106,12,16,35
469,1656,661.0,36,45,44,110,58,15,94
470,1123,609.0,101,28,39,29,18,40,13
471,1092,525.0,46,1,42,73,24,39,30
472,1541,693.0,90,2,64,77,54,21,66
473,2370,1242.0,93,25,108,184,39,13,118
474,1143,672.0,55,71,71,31,17,7,22
475,1225,734.0,67,54,72,43,1,15,37
476,1403,713.0,64,11,95,99,31,0,35
477,2087,1159.0,54,52,79,165,50,3,104
478,2882,2022.0,169,11,177,196,83,21,46
479,1826,981.0,151,20,84,89,27,6,64
480,1131,848.0,0,58,72,72,29,3,33
481,1255,734.0,3,65,73,80,24,1,55
482,1412,795.0,22,31,53,90,53,24,63
483,3618,1665.0,120,46,130,282,88,15,209
484,1732,567.0,94,4,42,86,30,9,152
485,3202,1762.0,171,188,150,117,18,28,111
486,4227,2425.0,244,294,234,100,11,17,143
487,1737,897.0,37,101,92,91,11,8,79
488,1454,731.0,51,57,57,106,18,2,58
489,1581,693.0,36,34,70,151,23,9,60
490,1253,672.0,12,2,60,117,52,0,53
491,1830,847.0,15,69,61,118,62,1,117
492,1674,797.0,66,30,67,100,67,14,58
493,1380,682.0,13,23,61,103,58,14,57
494,1138,714.0,65,37,65,53,25,1,26
495,1924,859.0,32,70,86,127,59,2,88
496,1195,692.0,130,14,46,51,12,3,25
497,1570,1004.0,73,50,112,110,11,0,21
498,1540,837.0,21,88,71,79,41,0,68
499,1031,661.0,63,27,51,67,6,0,28
500,3938,2199.0,176,172,181,242,54,3,139
501,5123,2686.0,227,274,237,326,29,15,162
502,3010,1654.0,73,217,136,138,34,10,127
503,2370,1253.0,224,68,142,97,10,7,30
504,3874,2128.0,271,118,222,172,35,10,129
505,2850,1629.0,156,65,132,157,33,6,152
506,4774,3152.0,322,302,290,137,19,5,101
507,1384,858.0,17,51,100,117,8,5,34
508,1927,919.0,68,135,119,75,25,4,41
509,1349,868.0,161,3,73,37,12,3,34
510,3458,2199.0,137,165,210,142,55,26,112
511,1222,765.0,13,6,63,117,31,7,53
512,1636,846.0,16,15,69,146,77,11,64
513,2506,796.0,7,12,67,246,146,9,127
514,1827,661.0,80,32,48,118,71,23,71
515,2536,1506.0,81,144,103,111,31,7,145
516,1132,702.0,14,47,62,56,25,11,50
517,1765,651.0,49,5,71,140,61,2,101
518,1163,745.0,15,23,107,65,41,1,23
519,1828,926.0,17,20,76,164,39,8,117
520,1317,818.0,64,3,91,98,4,1,53
521,1508,682.0,44,54,80,83,12,1,91
522,2050,1254.0,143,75,110,92,10,2,68
523,2882,1539.0,55,57,145,273,45,3,132
524,898,378.0,31,35,54,33,15,2,41
525,1865,999.0,36,38,130,157,27,6,61
526,1391,940.0,81,16,68,96,13,6,55
527,1238,858.0,16,88,84,50,31,3,26
528,1220,661.0,83,2,65,60,46,4,29
529,967,703.0,16,17,66,72,39,0,14
530,1558,734.0,104,2,61,84,52,3,68
531,1585,693.0,53,14,58,112,44,6,91
532,1255,734.0,6,51,61,82,41,18,44
533,1486,775.0,7,74,61,115,26,2,73
534,1320,879.0,12,51,69,107,29,3,48
535,5284,2780.0,275,156,277,341,63,36,160
536,1476,806.0,133,25,61,39,1,12,86
537,4743,2886.0,227,353,281,186,30,8,87
538,4580,2763.0,471,204,231,143,16,9,59
539,3266,1718.0,155,224,178,132,36,24,54
540,1177,651.0,16,55,52,81,9,39,25
541,1440,796.0,90,34,65,66,25,12,52
542,3588,2202.0,358,59,223,152,37,8,49
543,1608,867.0,121,133,67,8,11,6,38
544,1349,868.0,68,39,81,86,9,3,37
545,1636,828.0,78,40,87,81,11,9,91
546,1379,859.0,10,97,69,84,25,3,46
547,1662,640.0,110,46,51,52,36,18,85
548,1603,525.0,23,28,55,116,70,15,82
549,1208,630.0,5,41,82,89,30,9,34
550,5219,2822.0,276,251,316,261,53,26,104
551,1424,703.0,67,34,70,79,16,3,75
552,1158,713.0,16,35,75,107,12,0,33
553,1229,787.0,84,62,80,45,7,1,16
554,4260,2442.0,537,66,258,94,60,3,29
555,1321,880.0,41,58,88,95,7,0,24
556,1198,754.0,35,66,65,74,14,2,27
557,1195,733.0,100,5,65,61,6,8,36
558,1363,744.0,56,58,61,82,10,29,33
559,1289,755.0,70,121,66,19,18,0,14
560,1518,755.0,54,47,77,78,56,23,30
561,1476,702.0,56,20,93,71,61,15,42
562,1508,733.0,28,142,80,41,34,15,21
563,1466,692.0,31,56,45,80,58,13,68
564,4900,3058.0,136,266,341,311,67,3,84
565,3553,2199.0,328,74,218,164,12,7,72
566,4581,3062.0,184,220,287,288,88,34,33
567,2371,1782.0,96,87,161,152,57,4,24
568,1705,764.0,59,82,77,61,37,7,91
569,4935,2945.0,392,176,271,209,46,56,67
570,1476,732.0,47,139,52,39,14,9,55
571,1444,837.0,81,126,59,19,4,25,32
572,1570,1036.0,33,47,79,123,20,34,39
573,1348,775.0,14,21,99,111,33,4,41
574,5035,3099.0,196,163,313,305,107,9,149
575,1847,949.0,34,5,59,152,87,28,81
576,2338,1560.0,89,29,133,197,54,6,62
577,1762,1170.0,60,94,100,76,6,3,86
578,6128,3570.0,516,233,267,237,26,38,202
579,4900,3046.0,425,233,313,114,5,22,97
580,4869,2852.0,410,124,237,247,5,42,137
581,3938,2062.0,215,384,156,97,1,1,119
582,2114,1109.0,47,89,79,206,5,49,37
583,1288,818.0,73,39,62,85,0,20,29
584,1583,868.0,98,9,89,85,35,27,38
585,1482,764.0,76,19,54,90,42,13,62
586,1542,838.0,23,47,85,122,17,10,65
587,3841,1624.0,182,115,175,202,134,66,72
588,1509,661.0,127,80,50,42,1,6,53
589,930,294.0,83,89,14,4,1,17,9
590,1858,901.0,133,97,85,79,13,2,40
591,4806,3156.0,300,275,267,138,59,57,94
592,1228,766.0,75,14,56,98,15,20,18
593,5155,2758.0,381,197,285,189,23,28,172
594,3458,1747.0,264,43,167,232,19,54,68
595,1461,776.0,47,81,54,74,22,7,67
596,1188,671.0,7,27,75,105,27,4,36
597,1931,898.0,38,46,77,116,75,16,102
598,1572,723.0,54,15,60,139,26,5,77
599,1348,908.0,44,39,85,87,2,12,50
600,1126,745.0,31,38,101,61,27,1,10
601,1766,846.0,36,77,62,79,75,13,87
602,1995,886.0,155,23,64,93,37,39,70
603,1735,713.0,76,18,53,115,45,40,73
604,3298,2126.0,150,153,237,181,21,11,59
605,3330,1759.0,231,108,142,176,47,30,86
606,1668,775.0,92,74,57,75,40,28,40
607,2114,1393.0,31,140,123,120,31,34,32
608,3682,2371.0,220,132,200,178,35,34,108
609,1455,900.0,40,55,68,104,3,2,77
610,4099,2737.0,247,198,258,174,51,32,51
611,1411,661.0,24,5,63,118,57,39,30
612,1518,744.0,92,13,64,85,17,15,79
613,1485,630.0,50,65,72,72,33,21,42
614,1091,609.0,62,86,47,41,5,11,10
615,1284,691.0,59,103,52,28,6,0,59
616,2690,1588.0,174,131,118,93,15,6,120
617,3202,1890.0,229,127,146,116,53,32,83
618,1733,650.0,31,133,71,130,11,0,40
619,1092,441.0,86,10,30,73,8,3,46
620,1863,919.0,30,116,72,103,21,8,99
621,2946,1611.0,31,87,208,194,119,19,60
622,1922,1256.0,52,182,81,82,4,7,56
623,2402,1526.0,81,195,123,98,3,6,83
624,1811,888.0,36,106,91,78,34,13,81
625,4932,3025.0,358,93,296,320,10,18,123
626,1124,630.0,61,59,54,24,19,14,39
627,1701,989.0,54,44,85,96,45,0,88
628,1474,955.0,73,63,98,55,22,2,43
629,2850,1642.0,125,188,162,109,18,14,81
630,1636,691.0,129,55,48,51,27,5,77
631,2146,1265.0,60,22,85,205,31,19,101
632,1457,734.0,42,80,84,68,21,12,44
633,1730,1074.0,82,77,92,52,11,28,74
634,1474,994.0,81,47,91,91,4,11,26
635,1195,703.0,19,88,69,51,16,1,37
636,1283,733.0,26,83,75,62,17,9,32
637,1393,755.0,74,100,59,67,19,3,10
638,1318,838.0,90,24,103,72,9,1,17
639,2786,1643.0,74,102,168,264,16,9,46
640,1412,807.0,29,72,61,84,19,2,73
641,1626,671.0,17,80,89,95,29,0,85
642,3553,2021.0,311,231,169,55,10,12,83
643,1468,869.0,60,27,65,101,24,9,67
644,1892,958.0,85,21,95,124,36,3,94
645,1732,722.0,75,40,63,135,23,53,28
646,6281,3106.0,182,220,288,396,149,109,211
647,2059,939.0,49,85,66,117,26,26,131
648,2786,1840.0,163,94,153,156,23,3,87
649,5316,3295.0,124,130,332,385,196,44,103
650,1639,804.0,73,52,82,101,39,20,32
651,1189,775.0,15,18,58,135,31,1,27
652,1669,701.0,26,62,72,106,58,22,57
653,1460,858.0,20,12,97,116,68,0,41
654,1924,754.0,12,48,57,144,83,54,70
655,1466,766.0,36,45,62,110,42,40,16
656,1558,765.0,33,52,61,132,21,17,59
657,1988,999.0,94,101,95,95,4,6,87
658,3908,2641.0,290,122,278,194,11,19,51
659,1394,775.0,25,33,58,133,19,2,61
660,1610,908.0,13,88,76,139,28,6,42
661,1237,743.0,60,77,75,40,11,2,29
662,2210,1383.0,74,48,164,191,9,3,52
663,1413,838.0,36,34,118,118,6,4,25
664,1794,1098.0,160,47,133,52,8,7,24
665,1398,849.0,7,102,112,81,6,1,25
666,5477,3171.0,284,187,317,366,85,7,111
667,1527,950.0,82,54,61,114,15,9,35
668,4657,3036.0,199,244,266,275,80,8,74
669,6244,3374.0,258,232,352,391,161,21,129
670,1758,878.0,34,48,87,160,15,26,55
671,4495,3023.0,347,184,248,201,8,37,87
672,3490,2188.0,234,168,211,171,14,5,56
673,1923,877.0,144,81,65,98,11,32,33
674,1542,630.0,80,8,47,101,60,43,35
675,1425,848.0,65,71,85,61,24,19,13
676,1750,772.0,29,56,71,123,70,30,47
677,2059,949.0,18,56,107,141,108,24,49
678,1367,785.0,18,40,73,100,48,24,22
679,1986,1120.0,50,98,82,82,63,37,73
680,3682,2111.0,218,91,215,198,84,12,84
681,1335,651.0,3,65,71,116,37,4,25
682,2786,1455.0,76,28,109,225,103,30,110
683,5153,2092.0,230,50,245,336,211,96,102
684,1386,713.0,49,67,67,64,30,14,43
685,5155,2734.0,348,169,302,290,40,32,95
686,1736,877.0,51,51,71,120,73,8,47
687,1739,723.0,16,18,110,146,99,2,27
688,3714,1814.0,64,109,246,242,160,10,85
689,3170,1758.0,104,92,188,217,65,30,80
690,2498,1241.0,129,33,136,136,91,2,81
691,2446,929.0,22,9,106,220,117,12,114
692,1659,712.0,68,69,60,83,58,2,63
693,1796,816.0,74,79,71,86,46,33,46
694,1158,672.0,32,80,74,45,24,13,8
695,2306,1310.0,65,84,157,160,29,40,25
696,5382,2964.0,187,374,255,304,70,71,67
697,1353,763.0,19,22,78,118,45,12,31
698,5251,2566.0,345,237,231,214,76,100,99
699,5508,2253.0,385,183,309,160,146,127,49
700,4420,2798.0,266,128,305,261,47,60,24
701,932,483.0,81,23,58,18,6,35,1
702,1572,734.0,88,10,59,111,14,36,62
703,4457,2913.0,104,304,316,257,6,43,68
704,4308,3091.0,179,244,344,195,33,20,45
705,1354,661.0,89,54,58,48,16,1,58
706,2088,1069.0,56,170,55,144,12,17,56
707,5796,2837.0,285,215,265,315,210,22,125
708,5480,3089.0,275,243,338,333,74,38,57
709,3074,1755.0,188,176,160,90,7,45,89
710,4326,2896.0,258,110,348,235,35,21,64
711,3811,2430.0,178,279,277,152,20,5,31
712,2658,1550.0,181,117,143,113,20,3,73
713,3617,2200.0,173,192,233,228,8,7,51
714,4388,2768.0,397,102,241,220,35,42,42
715,4937,3461.0,403,110,311,215,34,24,120
716,4102,2852.0,257,93,256,300,56,22,26
717,1989,976.0,92,13,87,153,33,20,81
718,1211,735.0,21,12,81,114,31,3,23
719,1826,1105.0,77,126,80,72,28,12,50
720,4850,3181.0,337,73,334,273,41,41,98
721,1634,1194.0,7,12,137,174,32,13,22
722,1480,806.0,60,30,78,85,55,20,28
723,5701,3455.0,300,178,297,337,152,57,89
724,3106,2219.0,79,151,262,148,55,11,57
725,3233,2064.0,127,66,214,261,69,20,35
726,1542,889.0,65,17,112,129,12,6,33
727,1223,651.0,62,18,100,79,10,11,13
728,4036,2442.0,217,212,206,220,47,57,39
729,5062,3013.0,150,198,390,349,86,14,67
730,1368,848.0,45,8,80,86,62,39,6
731,1700,763.0,7,24,63,139,109,33,39
732,2567,802.0,3,17,71,242,171,60,64
733,3905,2240.0,75,59,191,348,146,15,129
734,2146,1111.0,79,46,91,134,58,45,71
735,2690,1516.0,58,95,184,166,68,13,74
736,1423,693.0,112,14,69,70,27,24,23
737,3234,1790.0,69,126,169,235,111,45,41
738,6885,3879.0,209,223,342,445,215,107,165
739,4196,2538.0,147,247,275,225,52,22,68
740,6180,3499.0,384,155,286,432,77,63,134
741,5892,3314.0,160,76,319,482,249,17,152
742,1220,462.0,22,10,35,93,69,32,32
743,1478,754.0,40,50,77,76,39,27,46
744,1381,848.0,127,8,99,58,13,1,24
745,5488,3168.0,249,113,292,442,78,69,116
746,1252,702.0,56,26,65,78,13,3,56
747,8034,4581.0,501,365,342,433,68,82,200
748,5703,3564.0,254,243,309,345,69,79,110
749,4228,2674.0,264,246,244,155,37,49,48
750,2754,1569.0,106,88,172,191,47,9,59
751,1317,786.0,5,32,75,101,53,8,41
752,6690,4411.0,320,86,364,554,186,37,114
753,2274,1390.0,46,68,135,168,91,22,27
754,1602,1036.0,45,60,86,119,23,11,41
755,8484,4023.0,106,394,325,572,367,59,282
756,1347,755.0,4,32,61,125,52,31,20
757,4098,1507.0,134,47,231,235,264,67,31
758,3393,1593.0,64,42,149,299,192,51,39
759,2052,609.0,23,62,62,145,100,25,80
760,1607,774.0,63,86,66,83,32,20,37
761,6500,2710.0,412,118,238,460,128,135,116
762,2946,1066.0,136,115,133,133,113,41,50
763,3780,2590.0,69,237,261,276,27,31,29
764,3874,1940.0,145,83,156,335,86,134,16
765,5412,3024.0,64,312,243,376,165,38,143
766,2186,764.0,55,3,68,168,84,22,133
767,3747,1691.0,91,38,158,287,164,84,97
768,4836,2473.0,132,43,273,384,210,70,83
769,3649,1959.0,172,91,217,219,146,34,19
770,1472,774.0,28,31,85,98,66,22,25
771,1861,876.0,10,11,93,174,97,29,40
772,1989,1069.0,35,28,97,145,83,43,48
773,1475,837.0,51,28,75,95,38,26,38
774,1700,858.0,31,84,93,109,30,17,46
775,5299,3549.0,258,246,342,268,68,62,69
776,1736,980.0,14,83,115,99,38,34,40
777,1608,879.0,42,11,84,163,27,25,34
778,3426,2002.0,149,32,166,307,80,57,52
779,2498,1591.0,84,84,132,187,40,34,50
780,6664,3654.0,182,200,288,528,194,73,183
781,5735,3662.0,241,98,309,425,145,96,105
782,4706,2218.0,172,219,157,312,143,77,84
783,1380,651.0,38,68,74,78,45,9,19
784,2208,1009.0,26,30,92,173,87,68,64
785,1604,826.0,24,3,73,132,63,31,59
786,5892,2807.0,168,117,242,438,232,157,105
787,4578,1639.0,65,66,174,409,210,85,118
788,4387,2661.0,215,209,207,196,89,62,105
789,4228,2458.0,42,172,241,330,155,42,59
790,5486,3476.0,187,160,283,415,91,29,194
791,1604,825.0,16,30,56,142,35,52,55
792,1836,807.0,51,169,76,90,32,11,15
793,6152,3015.0,272,113,307,400,181,102,149
794,2096,989.0,94,69,53,107,45,64,80
795,1938,682.0,69,147,62,37,24,14,120
796,1576,672.0,119,7,143,46,38,11,19
797,1635,763.0,54,70,109,72,42,26,25
798,2340,682.0,255,71,60,27,25,120,10
799,3458,1851.0,167,129,164,189,78,48,71
800,2050,1076.0,92,97,102,91,40,38,37
801,1868,784.0,58,105,82,78,41,17,68
802,1060,630.0,38,82,74,27,7,1,23
803,6728,3444.0,371,153,281,415,205,99,141
804,2914,1463.0,75,30,90,243,129,33,113
805,6825,3170.0,163,106,344,531,321,88,142
806,5641,3368.0,248,60,368,436,160,30,96
807,2690,1678.0,144,173,120,116,40,48,19
808,5860,3507.0,257,285,344,336,123,37,69
809,4900,2292.0,142,260,149,388,178,41,56
810,4578,2125.0,223,12,153,363,211,118,48
811,8114,4892.0,340,346,353,594,123,108,149
812,1636,710.0,43,44,79,117,43,20,46
813,2818,1383.0,109,46,84,234,76,64,74
814,4068,2461.0,215,161,247,191,99,58,30
815,3458,2213.0,152,88,259,236,40,39,34
816,5490,3027.0,218,161,270,329,233,69,79
817,5154,1461.0,451,113,152,233,154,78,89
818,1508,462.0,17,90,39,82,61,41,34
819,8103,4012.0,147,290,332,659,358,83,145
820,7714,4781.0,259,180,365,596,214,78,219
821,1292,838.0,26,59,100,63,15,6,42
822,1730,1074.0,26,66,99,135,14,23,54
823,4641,2147.0,146,199,194,359,100,76,75
824,5925,3598.0,308,164,268,457,118,54,100
825,5059,2869.0,71,256,243,400,112,92,80
826,1414,793.0,25,78,89,67,15,22,45
827,1639,797.0,40,36,97,121,45,35,20
828,5028,3037.0,260,151,332,295,113,38,56
829,5700,3618.0,185,260,320,412,99,73,59
830,6468,3620.0,391,88,267,416,212,143,88
831,3042,1864.0,109,139,144,162,87,51,57
832,4579,2429.0,162,226,162,355,97,68,62
833,3876,2768.0,159,181,243,250,71,31,19
834,4356,2265.0,115,84,247,356,179,19,78
835,5412,2631.0,169,194,314,321,223,43,73
836,3588,743.0,70,133,39,233,178,91,135
837,4002,2201.0,55,65,208,369,153,48,89
838,2338,1339.0,55,26,124,183,69,25,89
839,8038,3312.0,145,204,253,611,429,162,192
840,3810,1630.0,124,89,116,297,201,52,58
841,3266,1455.0,94,60,129,289,149,56,22
842,1667,877.0,100,52,65,84,24,26,48
843,5156,3730.0,218,131,324,410,91,36,68
844,5124,2782.0,137,184,245,380,137,76,110
845,4771,2532.0,193,136,218,332,145,64,90
846,5316,2587.0,105,310,278,305,218,59,39
847,6503,3331.0,288,277,280,362,184,70,153
848,1602,399.0,23,36,49,98,93,49,38
849,2658,1105.0,50,144,109,153,103,24,68
850,6692,2894.0,164,246,265,502,340,66,78
851,6887,3237.0,204,142,344,496,300,122,100
852,5960,3233.0,242,236,316,377,220,17,70
853,8387,2189.0,390,172,270,462,372,172,244
854,7428,3059.0,308,167,327,473,382,71,112
855,6470,3038.0,184,333,291,389,240,105,59
856,6245,2915.0,155,209,392,386,226,42,139
857,2146,1227.0,60,111,134,73,53,45,44
858,2181,671.0,68,98,86,81,90,92,16
859,3395,1966.0,137,54,177,242,109,11,104
860,2116,835.0,56,25,76,132,94,67,63
861,1680,907.0,58,53,86,91,46,43,25
862,4002,1349.0,99,202,132,133,264,75,80
863,2500,905.0,51,69,75,159,133,55,71
864,2244,504.0,36,61,64,118,165,24,80
865,1507,231.0,4,42,21,82,147,36,31
866,3302,660.0,92,85,75,181,200,76,102
867,1538,126.0,37,26,12,29,161,35,70
868,2594,231.0,79,81,32,97,183,69,94
869,1936,315.0,128,7,27,84,85,72,66
870,1698,147.0,63,12,14,63,141,62,55
871,8166,2974.0,321,205,321,492,363,85,237
872,4962,2139.0,140,219,284,261,213,67,42
873,1858,336.0,24,117,45,33,111,86,32
874,1956,483.0,102,91,46,35,68,98,37
875,4098,1768.0,230,71,202,266,107,58,78
876,3778,1695.0,188,88,134,197,151,77,95
877,4450,1735.0,141,113,175,253,249,109,55
878,1986,1042.0,69,49,96,128,43,31,63
879,2626,1198.0,100,36,104,149,115,69,68
880,2370,1212.0,57,70,124,157,71,60,40
881,3042,1589.0,55,168,143,176,128,40,34
882,1707,764.0,89,38,69,92,49,22,52
883,2020,854.0,71,64,53,130,75,65,35
884,2410,846.0,142,73,86,121,74,54,41
885,1444,795.0,49,22,63,109,41,19,45
886,1508,682.0,85,9,72,93,39,38,28
887,6840,3898.0,237,297,342,390,175,103,153
888,7938,4500.0,256,305,347,599,197,158,111
889,2786,1726.0,195,23,155,252,26,15,13
890,4804,3025.0,255,160,333,312,35,30,58
891,1288,712.0,38,84,95,33,36,12,13
892,1284,682.0,27,3,70,132,23,43,11
893,1318,807.0,3,37,68,141,23,18,26
894,2274,1476.0,79,48,122,181,38,38,45
895,2690,1897.0,139,30,176,182,48,33,52
896,1829,998.0,47,13,103,128,74,43,35
897,5446,3451.0,115,191,380,414,165,25,58
898,836,525.0,1,77,47,40,15,2,10
899,5506,4088.0,274,272,363,293,52,19,92
900,1252,588.0,60,4,49,64,42,31,48
901,4227,2377.0,148,120,288,309,83,61,33
902,2882,1519.0,83,30,159,232,137,43,23
903,3746,2211.0,62,69,224,291,191,30,57
904,7735,3918.0,105,362,327,602,213,177,133
905,1284,567.0,83,15,36,62,43,59,10
906,1700,825.0,31,19,97,114,93,50,9
907,9177,7768.0,385,347,542,687,90,90,139
908,2690,1633.0,85,203,122,173,9,32,33
909,2370,1579.0,49,193,141,111,25,12,46
910,5253,3076.0,114,206,238,419,138,52,131
911,6564,3967.0,153,342,268,470,117,122,154
912,6406,3382.0,250,376,250,370,112,145,84
913,5938,3940.0,97,346,388,377,136,65,64
914,2032,1069.0,75,56,88,129,63,64,20
915,5477,2996.0,163,163,285,374,217,107,44
916,2850,1874.0,98,54,163,216,112,29,23
917,4162,1555.0,29,35,153,395,314,46,51
918,1154,357.0,24,1,34,98,90,21,8
919,2594,1473.0,38,29,144,217,140,32,36
920,3746,1666.0,103,49,177,279,208,63,39
921,1285,754.0,24,71,68,81,36,10,14
922,4980,3142.0,153,180,250,364,156,51,76
923,1795,609.0,46,46,68,88,118,41,29
924,5382,3015.0,163,99,289,437,183,62,94
925,2118,1019.0,58,68,89,135,88,32,45
926,3522,1981.0,97,138,161,224,125,65,54
927,2758,1079.0,29,16,69,177,192,127,67
928,3585,2205.0,78,116,213,260,124,28,66
929,4233,3112.0,199,126,303,304,56,12,42
930,3041,1748.0,78,72,150,291,39,36,76
931,1606,899.0,5,13,95,138,55,18,60
932,1285,775.0,6,96,78,48,46,22,12
933,5297,3547.0,251,181,315,405,46,59,49
934,6696,3434.0,222,206,415,365,226,100,125
935,2530,1516.0,17,28,146,235,131,33,30
936,4450,1841.0,61,96,249,320,246,67,56
937,3498,913.0,112,143,129,95,195,130,59
938,802,399.0,10,33,54,43,29,5,13
939,3013,852.0,93,122,140,90,155,100,38
940,1576,640.0,33,77,57,86,91,18,17
941,3106,1567.0,101,128,143,183,109,35,62
942,3042,1536.0,171,59,156,143,114,73,30
943,2341,722.0,64,33,61,184,99,44,83
944,4833,1964.0,74,146,166,378,208,123,98
945,3649,2072.0,181,178,225,145,79,26,67
946,7282,4853.0,315,211,429,438,185,98,134
947,2338,1388.0,51,48,115,136,109,63,48
948,5027,2863.0,115,174,292,389,153,69,51
949,6182,3146.0,296,194,328,364,174,117,62
950,5024,2965.0,104,112,337,451,113,30,97
951,4323,1821.0,180,148,191,226,118,109,95
952,2148,609.0,138,31,81,113,77,25,60
953,2466,1244.0,82,116,113,137,93,6,53
954,6821,3751.0,277,306,309,367,177,149,108
955,3330,1872.0,139,89,179,253,64,64,30
956,1603,835.0,61,19,85,127,33,22,38
957,5606,3057.0,137,219,303,407,163,71,89
958,4673,2054.0,256,47,156,271,205,153,62
959,7396,3474.0,380,141,274,478,231,180,149
960,8114,4694.0,219,282,389,547,277,117,184
961,5858,1931.0,236,116,222,359,287,133,98
